Cycle number,Reference energy [W.h],Reference power [W],n
1,18.596951458870254,66.4128073847186,2.0151547396606664
100,17.677923533591507,51.552776636405575,2.7098610018888643
200,17.20342496641056,45.056960980684316,2.5896429853233833
300,16.767628424691445,40.1154120382559,2.425856378939746
400,16.41614416565388,35.266050430446384,2.179175440167929
500,15.981331106991227,30.299741265564645,2.1103555239761045
600,15.435421953291115,25.621609955725418,2.1476813995777966
700,15.218372427581125,20.37800702351446,1.866576570626802
800,14.88688244941285,14.751282587942734,1.83395865273708
