Cycle number,Reference energy [W.h],Reference power [W],n
1,18.676011100326576,66.0679239552729,2.015738200014638
100,16.6869192946052,53.30575611007705,3.1219999541225127
200,16.153888174586054,46.83579059351499,3.026860683595723
300,15.774464825135507,41.8311575719756,2.731314485749705
400,15.537228507218899,36.849156459802344,2.3832972835113955
500,15.215406816140323,31.627456844025158,2.1939318919930764
600,14.803513024005207,26.521664722940205,2.068505269522782
700,14.342293578406586,21.40231903060334,2.000889275432669
800,13.156214355749674,15.93724367427597,2.685544850931921
